timestamp,x,y,z
0.01290,-6.500000,-0.600000,-4.000000
0.03610,-6.600000,-0.500000,-3.200000
0.04670,-5.000000,-0.300000,-1.900000
0.06400,-3.300000,-0.100000,-1.900000
0.08180,-1.300000,-0.100000,-2.600000
0.09790,0.000000,0.200000,-3.100000
0.11540,1.000000,-0.300000,-2.400000
0.13020,-0.100000,-0.500000,-2.300000
0.15030,-0.400000,-0.100000,-2.500000
0.16370,-0.100000,0.000000,-2.600000
0.18150,-1.300000,-0.800000,-3.300000
0.19840,-4.400000,-1.600000,-5.300000
0.21340,-5.900000,-1.900000,-6.600000
0.22980,-14.200000,-3.600000,-10.500000
0.24640,-21.100000,-5.600000,-15.300000
0.26330,-28.700000,-7.600000,-22.500000
0.28140,-36.100000,-11.800000,-32.600000
0.29640,-49.200000,-14.000000,-45.100000
0.31320,-57.400000,-20.700000,-60.600000
0.33040,-69.000000,-24.900000,-73.900000
0.34990,-123.500000,-29.200000,-74.300000
0.36800,-143.200000,-29.900000,-60.000000
0.37970,-138.700000,-29.700000,-57.400000
0.40190,-142.800000,-16.200000,-43.600000
0.41470,-119.100000,4.900000,-49.300000
0.43010,-145.400000,-16.800000,-62.500000
0.44650,-240.600000,-6.500000,-66.500000
0.46610,-382.700000,-2.400000,-74.700000
0.48030,-458.700000,2.200000,-91.400000
0.50290,-419.300000,35.500000,-132.000000
0.51380,-413.400000,42.600000,-145.600000
0.53500,-327.900000,20.100000,-158.500000
0.54640,-278.500000,19.800000,-133.600000
0.56370,-213.700000,1.600000,-63.000000
0.57970,-248.200000,-0.300000,8.200000
0.60060,-224.200000,-64.200000,90.600000
0.61480,-176.900000,-77.200000,130.300000
0.63320,-124.700000,-60.400000,141.300000
0.64630,-121.200000,-42.100000,135.900000
0.66550,-82.500000,-42.900000,88.600000
0.67970,-48.500000,-30.000000,30.000000
0.69890,-14.700000,-10.300000,-31.700000
0.71300,34.500000,9.600000,-71.000000
0.73030,67.200000,26.100000,-75.800000
0.74730,104.600000,37.000000,-65.200000
0.76310,152.200000,51.900000,-53.600000
0.77980,208.300000,74.800000,-40.700000
0.79680,242.800000,98.600000,-12.500000
0.81350,240.600000,99.300000,-7.400000
0.83320,203.400000,88.900000,2.200000
0.84630,186.300000,92.100000,29.000000
0.86360,208.600000,95.200000,70.100000
0.88060,232.900000,94.800000,92.000000
0.89660,240.000000,88.800000,97.500000
0.91380,269.400000,84.300000,97.900000
0.93150,260.600000,83.400000,98.100000
0.94730,214.200000,92.100000,97.100000
0.96580,160.400000,107.400000,98.300000
0.97960,131.100000,102.700000,91.700000
1.00050,1.800000,-11.500000,5.100000
1.01480,18.500000,-24.900000,9.600000
1.02980,28.400000,-17.300000,19.200000
1.04630,13.000000,-8.700000,9.800000
1.06670,13.800000,-7.700000,-0.400000
1.08210,20.100000,-6.800000,-2.300000
1.09820,27.600000,-4.900000,-1.800000
1.11470,20.400000,-9.200000,-1.700000
1.13720,6.100000,-3.700000,2.000000
1.14670,4.000000,0.600000,2.900000
1.16760,-1.800000,2.300000,1.000000
1.18000,-1.900000,3.300000,0.800000
1.19630,-5.600000,2.000000,0.700000
1.21500,0.700000,0.200000,-0.400000
1.23750,5.100000,1.300000,-2.300000
1.24700,3.400000,2.500000,-3.200000
1.26740,1.200000,3.400000,-4.200000
1.28010,4.700000,2.700000,-6.200000
